{"mse": 0.8022991769340395, "r2": 0.19840334846148833}